Id,EUde,EUen,EUit,EUnl,EUru,EUfr,EUes,USen,USfr,USes,JPja,KRko,TWzh,CNzh
ant00,schneuf,ah-CHOO,ett-CCIÙ,ha-TSJOE,апчхи,ATCHOUM,achús,ah-CHOO,ATCHOUM,achús,でごわす,임돠,有的,有的
ant01,schlürrrf,honk,honk,snuit,го-го-го,pouet,fufuf,honk,pouet,fufuf,ホントに,진짜로,真誠,真诚
ant02,schnieef,snooooof,snuuf,snufffff,снуф-снуф,pouuuuuf,snuf-snuf,snooooof,pouuuuuf,snuf-snuf,だっしー,라지요,希希,希希
ant03,puuust,snorty,snorty,snork,хрум-хрум,grognon,esnoink,snorty,grognon,fa-fiú,マジでー,정말,真的假的,真的假的
ant05,schnurz,zoozooroo,oiiinfff,mierakel,пых-пых,bubale,olisquín,zoozooroo,bubale,olisquín,ハフーン,후루룩,粉粉,粉粉
ant06,schnuff,sniffff,sniffff,snuifff,шмыг,snif snif,sniff,sniffff,snif snif,sniff,たもれ,추릅,麻煩了,麻烦了
ant08,schnüffel,gumdrop,chic,dropje,жуй-жуй,tap tap,nubecillas,gumdrop,tap tap,snifffi,をかし,하양하양,優雅,优雅
ant09,mwahaaa,whiffa,swish,toet,уф-уф,tartarin,fruf,whiffa,yesss,fruf,ムーチョ,무쵸,歐啦,欧啦
bea00,gruff,grooof,gruf,grommm,быр-быр,grrrrrr,gruuuf,grooof,grrrrrr,gruuuf,ですたい,입네다,太好了,太好了
bea01,schätzchen,wah,cubetto,wauw,ну и ну,ouah,terronillo,wah,ouah,guah,わぉ,와,哇喔,哇喔
bea02,grumml,fuzzball,grrroan,brombeer,махрово,bouboule,oye,fuzzball,bouboule,gromp,ウム,음,嗯唔,嗯唔
bea03,hiijaa,aiya,ehilà,kiai,ай-яй,lala,ándale-oso,aiya,lala,grinchu,アルヨ,그럼,有喔,有喔
bea05,gäähn,yawwwn,yauuun,gaaaap,спа-а-ать,baaîîîllle,uuaaaah,yawwwn,baaîîîllle,uuaaaah,んだ,힘내,嗯是,嗯是
bea06,brummel,grumble,grum grum,brom,бур-бур,grou-gnon,jorrr,grumble,grou-gnon,jorrr,ワォー,어쩌라구,哇哇,哇哇
bea07,hooonig,twinkles,gnifa,honingbij,ме-е-ед,pic pic,fisflash,twinkles,pic pic,fisflash,ファイト,사르르,加油,加油
bea08,brumbrum,grooomph,gruuunf,oemf,гррум,groumpf,grumf,grooomph,groumpf,grumf,やーねぇ,그라지,呀吶,呀呐
bea09,grrr,grrr,grrr,grrr,грр,canaillou,tostón,grrr,canaillou,grrre,だクマ,냅둬,熊熊,熊熊
bea10,bralala,yodelay,bah,jodelie,йодль,léchouille,borobó,yodelay,tourlou,borobó,ヤッホー,야호야호,耶呼,耶呼
bea11,brrruah,roadie,sgrugno,ja denk,гарр-сон,pot d'miel,tornillos,roadie,pot d'miel,grurrr,ボウズ,터프,施主,施主
bea12,bärbär,urgh,sbuff,pff,ого-го,verlue,comolooyes,urgh,chacha,urrrgh,よいしょ,으랏차차,唷咻,唷咻
bea13,brrroho,whiskers,andale,snorhaar,усы мои,poilodos,bigotre,whiskers,ciao,bigotre,オッホン,오홍홍,咳咳,咳咳
bea14,gruaaa,strudel,bailar,strudel,штрудель,achtung,ricitos,strudel,achtung,achurf,オパー,라저,Over,Over
bea15,lollipop,sundae,sucré,lolly,сладенько,berlingot,tutifruti,sundae,berlingot,tutifruti,ぺろ,낼름,舔舔,舔舔
brd00,hiiiijjj,heeeeeyy,cipinci,heeeeeyy,хей-хей,maaaaaais,heeey,heeeeeyy,maaaaaais,eeey,でおます,그쵸,呢喃,呢喃
brd01,ladida,la-di-da,yuppidù,lalala,ля-ля-ля,ta-di-da,picatoste,la-di-da,ta-di-da,larará,さ,글쎄,喳,喳
brd02,tschurp,chuurp,ciripì,tsjiiirp,чик-чирик,muf-muf,piu-piu,chuurp,muf-muf,piu-piu,でシ,이어라,如斯,如斯
brd03,zwirtschi,cheepers,ciiip,fwieeet,тю-вить,coolos,tirití,cheepers,coolos,tirití,ッピ,크,嘰,叽
brd04,zischhh,bzzert,bzzert,tjulp,бзе-е-ерт,bouerk,pío-pío,bzzert,bouerk,pío-pío,だニョ,삼바,諾諾,诺诺
brd05,tschikadii,chickadee,cocoricò,tjiep tjiep,чики-чик,puic puic,chupiyá,chickadee,puic puic,chupiyá,けどー,허나,山雀,山雀
brd06,"oh, ja",aye aye,cipissi,yep yep,чиф-чиф,cornichon,avechucho,aye aye,cornichon,piuc-piuc,ってか,오예,貫徹,贯彻
brd08,twitiriti,tweedledee,firulì,kwetter,тви-тви,loulou,arrurrú,tweedledee,loulou,arrurrú,キョン,핑그르르,臉紅,脸红
brd09,astrein,ace,blablo,hopla,фьють,ma caille,figura,ace,ma caille,figura,でヤス,겁나,是也,是也
brd11,tirilü,ya feel,ciiipito,snappie,чуррп,asticô,pelusilla,ya feel,asticô,chiurp,っつーの,그거야,話說,话说
brd15,mauser,cacaw,lorito,kakauw,кар-ко,yaaaah,picopico,cacaw,yaaaah,pío,カァー,까아악,嘎,嘎
brd16,piepiep,zut alors,pio pio,zut alors,фу ты,ploc ploc,chapó,zut alors,why not,chapó,チェケラ,체키라웃,唷唷唷,唷唷唷
brd17,flatter,crunch,sprint,wasbordje,тук-тук,poupousse,muy fuerte,crunch,poupousse,cachirp,ブン,츠츠츠,噗噗,噗噗
brd18,birtz,like whoa,adiós,wreed,так-так,piaaaaf,gorrión,like whoa,piaaaaf,chirpi,だチュン,섭섭,啁啁,啁啁
bul00,brrruzzl,macmoo,macmoo,denderund,макму-у-у,meuh meuh,cuernos,macmoo,meuh meuh,bufff,ふふ,후후,呼呼,呼呼
bul01,oléolé,chaps,oléolé,cowboy,ковбой,crac,olé,chaps,olé,olé,さすがに,디용,了不起,了不起
bul03,muhuhu,mrooooo,ciaumù,boe-jend,му-у,meuh quoi,olé y olé,mrooooo,meuh quoi,olé y olé,だなっす,알것소,奔馳,奔驰
bul05,hhmmuuuhh,moocher,muuusica,moehoe,бычок,vachte,muooola,moocher,mes cornes,muuuchi,だっぺ,워메에,是唄,是呗
bul07,schnoff,stubble,oooh issa,stoppel,раз-два,mon cou,chacho,stubble,bétail,chacho,ジョリッ,땅땅,鬍渣,胡渣
bul08,grumpf,cud,trullalà,kauw,полундра,moumoul,muuubién,cud,moumoul,brufff,モイ,뭐임,哞,哞
cat00,psssps,pthhpth,baffo,poekie,кх-кх-кх,pfioupf,zarpas,pthhpth,pfioupf,fishfish,ネコ,고양이,貓貓,猫猫
cat01,muh,mew,miao,mieuw,мяу-мяу,meeeeeh,misi-misi,mew,meeeeeh,misi-misi,ニャー,야～옹,喵,喵
cat02,flöt,silly,tontolon,gekkie,рыбка,flûte,miaaau,silly,flûte,miaaau,チェキ,헤이,看看,看看
cat03,schnurr,purrr,purrr,prrrrrr,мур-мяу,rrrrrrrrr,raspas,purrr,rrrrrrrrr,michimiau,なんやん,머냐,什麼,什么
cat04,miausi,kitty cat,mieaoo,poesjemauw,кисуля,chti minou,galletita,kitty cat,chti minou,michifiú,だニ,뭐라지요,醬醬,酱酱
cat05,grraul,reeeeOWR,miiiiaOU,sinas,фруктик,roooaR,mandarinas,reeeeOWR,roooaR,mirriau,みかん,귤귤,蜜柑,蜜柑
cat06,mrmpft,mrmpht,maramao,plof,отдыхаем,blébléblé,arenque,mrmpht,mimine,gruuuah,だのら,노라줘,晃晃,晃晃
cat07,kätzchen,kitten,micetto,kitten,кис-кис,chaton,tontaina,kitten,chaton,michimiu,ふんっ,냠,嗯嗯,嗯嗯
cat08,schluchz,myawn,myawn,geeuweldig,мяу-а-а-а,miou,grrrroou,myawn,miou,grrrroou,な,그치,吶,呐
cat09,miiiau,meooo-OH,meooo-OH,mie-auw,мя-я-яу,mia-ouh,imikimono,meooo-OH,mia-ouh,imikimono,ぃよぉー,꺄,咦唷,咦唷
cat10,maunz,psst,psst,psst,шш,psst,soldado,psst,psst,psst,とぉっ,얍,喝,喝
cat11,mrrrrrrr,pffffft,miaù,pffffft,фи-фи,pffffft,ronrón,pffffft,pffffft,ronrón,ウフーン,우,嗯哼,嗯哼
cat12,mrriau,me-WOW,meOW,mi-WAUW,мя-ого,mi-AOUUH,animiaul,me-WOW,mi-AOUUH,animiaul,にゃは,삐뽀,喵吼,喵吼
cat13,fauchch,GAAHHH,GAAHHH,BAH,фу-у-у,miaoum,marramiau,GAAHHH,miaoum,marramiau,ダァーッ,아뵤,打啊,打啊
cat14,miezmiez,mrowrr,fusolo,giechel,мр-мр-мр,miaaaouh,cascabel,mrowrr,miaaaouh,miaul,フフ,자갸,古古,古古
cat15,fauch,me-YOWZA,mi-IAO,miauw moe,мя-я-яоза,mistigri,miooou,me-YOWZA,mistigri,miooou,ナックル,쳇,關節,切
cat16,prrrrr,mweee,pffffft,mi-jippie,мяуи-и-и,miou-mi,michifú,mweee,miou-mi,michifú,にゃん,냥냥,喵嗯,喵嗯
cat17,mauzi,mimimi,meeeow,mimimi,ми-ми-ми,chatounet,miauito,mimimi,chatounet,miauito,ね,우앙,哪,哪
cat18,kratz,bonbon,purrrr,zuurtje,конфетка,ron-ron,purrrr,bonbon,ron-ron,purrrr,あのね,퐁퐁,娜個,娜个
cat19,mi-miau,me meow,miao miao,sfinx,ми-мяу,mi-i-i-ouh,marramius,me meow,mi-i-i-ouh,marramius,クフフ,파트라,尼羅,尼罗
cat20,katzaaa,mush,ron ron,robijn,шмяк,alatienne,cachusco,mush,mouah,cachusco,とかナ,그러거나,之類的,之类的
cat21,zischel,purrty,fffz,prrrachtig,хор-р-рошо,miaouille,salmonete,purrty,miaouille,purrrs,じゃね,휘리릭,掰掰,掰掰
cat23,weeßte,crisp,rrricooo,netjes,стильненько,panache,atilda,crisp,panache,atilda,キリッ,우쭐,嚴肅,严肃
cbr00,früchtchen,peach,pepè,perzik,персик,prune,cielito,peach,prune,melí-melá,キュン,두근,怦怦,怦怦
cbr01,darling,honey,miele,zoeterd,лапушка,chouchou,caramelito,honey,chouchou,mielmiel,だベア,저기요,熊仔,熊仔
cbr02,bärli,li'l bear,babà,beertje,медвежонок,nounours,bolita,li'l bear,nounours,pruah,モン,몽,萌,萌
cbr03,griesgram,golly,pulcino,pudding,карапуз,louloute,rebollos,golly,louloute,bruah,んもう,아이참,真是的,真是的
cbr04,okeydokey,grah grah,oki-doki,okidoki,гррр,grih grih,mola,grah grah,grih grih,graaau,のこころ,나는나야,精神,精神
cbr05,brummm,stuffin',ohilà,pluche,плюш-плюш,ou bien,peluche,stuffin',ou bien,paguahhh,なのれす,그런거죠,玩玩,玩玩
cbr06,nastrovje,nyet,nyet,njet,ну не-е-ет,niet,nyet,nyet,niet,nyet,やんけ,참말로,唉唷,唉唷
cbr07,liebelein,malarkey,grizzel,spruit,товарищ,canaille,pelusita,malarkey,fait que,heee,ですばい,샐리,罷了,罢了
cbr09,honigtopf,sweet pea,fagiolino,honingkelkje,милашка,trognon,panalito,sweet pea,trognon,panipof,マグ,오잉,馬克杯,马克杯
cbr10,tralala,tralala,trallalà,tralala,тра-ля-ля,tralala,tralará,tralala,tralala,tralará,なんてね,어쩜이래,開玩笑的,开玩笑的
cbr13,schönheit,rainbow,grrande,wolkje,радуга-дуга,cacou,cielo,rainbow,cacou,lurilá,アルネ,있죠,有耶,有耶
cbr14,flüster,bud,purrrimba,bloempje,цветочек,linou,pitiminí,bud,linou,pitiminí,チャ,띵호아,佳佳,佳佳
cbr15,baaambus,rookie,brupp,bamboe,бамбук,pla-pla,ahivá,rookie,pla-pla,ahivá,だバンブ,부끄,竹子,竹子
cbr16,mwuuu,cubby,babalù,welpje,берлога,dodododu,apurri,cubby,dodododu,apurri,いっそ,아니그냥,算了,算了
cbr17,bossi,ya heard,ohè,weet je,понимаешь,grifouille,tararí,ya heard,grifouille,tararí,だってサ,차라리,竟然說,竟然说
cbr18,pompudding,pompom,pom pom,pommetje,помпончик,pom pom,pudin,pompom,pom pom,pudin,ポムッ,폼폼,布丁,布丁
cbr19,träum,myohmy,misu misu,nee maar,охохонюшки,oh là là,qué cosas,myohmy,oh là là,uyuyuy,あらら,어머머,哎呀,哎呀
chn00,buaa-ka-ka,buh-kay,cucù,toktok,ко-кей,bouyaka,caracol,buh-kay,bouyaka,bukááá,だコケ,키득,咕咕,咕咕
chn01,putputtt,uh-hoo,uh-hoo,eitje,о-ко-ко,oh oh,cocorico,uh-hoo,oh oh,cocorico,ウヒョー,우힛,好棒,好棒
chn02,duudle-du,doodle-duh,du du du,kukelejus,кукареку,di di dou,kikirikí,doodle-duh,di di dou,kikirikí,だヨ,짜잔,很優,很优
chn05,biiika,beaker,sbecsbec,snavel,клювик,cô-cômment,piquito,beaker,cô-cômment,kikiú,のよぉ,그랬대요,是唷,是唷
chn09,bokbok,chicklet,coccoricò,kuiken,модненько,côôôôt,cucurrús,chicklet,côôôôt,cucurrús,ハレルヤ,도레미,哈雷路亞,哈雷路亚
chn10,hühnermist,chicky-poo,zampoli,kippetje,щип-щип,galine,tesorito,chicky-poo,galine,corocó,どうだい,그게어때,泰泰,泰泰
chn11,knusprig,cluckling,uovole,nestei,короко,ra-ta-tak,mazorca,cluckling,ra-ta-tak,cocorocó,せいッ,하앗,等待,等待
chn12,eieiei,cluckadoo,ovodè,kakel,ки-ки-ки,mon œuf,pitas,cluckadoo,mon œuf,kiriquicó,ケッコー,오싹오싹,咯咯,咯咯
chn13,gockgock,no doubt,quiriqui,eiteraard,это точно,pôt pôt,kirrí,no doubt,chicken,kirrí,コッケイ,깜깜,骨雞,骨鸡
cow00,muuhna,how-now,truuulà,koebeest,му-му,allez,muuuu,how-now,oui oui,muuuu,だモー,음메,牟,牟
cow01,dingdong,pushy,sì sì sì,boelala,теленок,choupette,cuernitos,pushy,choupette,muamuuu,ミルミル,우유우유,牛奶,牛奶
cow06,muuuhi,hoof hoo,mu muuu,boehoe,до-ре-му,meuh nan,mu-mu,hoof hoo,meuh nan,mu-mu,うふ,에헤,微笑,微笑
cow07,joggi,moolah,moumou,loei,муля,pistouille,merengue,moolah,merengue,mumumu,セボーン,메르시,這樣很好,这样很好
crd00,ahhhrg,it'sa me,proprio,it⁠'⁠sa me,это я,moi moi,ñam-ñam,it'sa me,moi moi,ñam-ñam,だワニ,나아거,鱷泥,鳄泥
crd01,graaach,graaagh,graaag,graaach,гра-а-а,graaagh,lagartija,graaagh,graaagh,muamú,どすえ,얘야,鱷魚皮,鳄鱼皮
crd02,schmatzi,munchie,gnammi,smikkel,кусь,mariolle,crococroco,munchie,miam miam,crococroco,だぴょん,만세,跳,跳
crd04,happ,gronk,chomp,gronk,щелк,clap,chomp,gronk,clap,chomp,プシュー,처얼썩,噗咻,噗咻
crd05,yoyoyo,spaaace,blipblop,kosmos,космос,parsec,alien,spaaace,parsec,blipblop,パヨマケ,삐리리,吼吼,吼吼
crd06,schnapp,hoo-rah,ciaf,ingerukt,ура-а-а,repos,capón,hoo-rah,repos,smack,カサコソ,부스럭,唰唰,唰唰
crd07,zähni,snacky,désolée,snackje,перекус,croquignou,corazón,snacky,croc-croc,smuack,ワニャン,아거얌,鱷莉,鳄莉
crd08,hömpf,burrrn,tic tac,puf,огонь,ducroc,quemarrr,burrrn,ducroc,ñami,えーと,띠용띠용,然後,然后
der00,bimbam,dearie,vule vu,do ree mi,олешек,toudoux,puchu,dearie,toudoux,puchu,でしか,파샵파샵,小鹿,小鹿
der01,weihweih,kablang,hop hop,gaffel,скок-скок,têtedebois,galilla,kablang,têtedebois,caplúúú,ナラね,슉슉,梅花,梅花
der02,sproing,pronk,arriba,gazellig,прыг-прыг,wapiti,bambín,pronk,wapiti,bambín,たしかに,슴사사,鹿營,鹿营
der03,röööhr,gruff,uauwaii,burl,забияка,nunul,aquesí,gruff,ouain,aquesí,しかしな,아비옹,福鹿壽,福鹿寿
der04,tripptripp,whatevs,babam,nou ja,как-то так,pan,rumiante,whatevs,pan,uatever,まいっか,됐고,隨便啦,随便啦
der05,bocko,badoom,sdleng,bokje,бубух,jaunisse,trisca,badoom,you bet,trisca,がぜん,엣헴,變了,变了
der06,zick,precious,cervilà,meid,зазноба,rosace,braaaam,precious,frambou,braaaam,なんしか,핑크크,西卡,西卡
der07,knospel,saltlick,gnam gnam,zoutsteen,соль-соль,feufeuille,babum,saltlick,feufeuille,babum,おろおろ,우왕,怎麼辦,怎么办
der08,kitz,no doy,mamy,joh,еще бы,bichouchou,braaavo,no doy,bichouchou,nonuá,でしょ,라니까,是吧,是吧
der09,hirschl,chow down,relax,schorsie,ем мох,breuh,ñume-ñume,chow down,breuh,ñume-ñume,しかじか,뚜비뚜바,鹿鹿,鹿鹿
der10,denkpink,pound cake,melodì,melodietje,бисквит,bibiche,melomelo,pound cake,bibiche,melomelo,メロメロ,하트하트,喜喜,喜喜
der11,okido,okaaay,bramì,okééé,окей,bramaka,oni,okaaay,bramaka,oni,とにかく,아무튼,總芝,总芝
dog00,wuff,woof,wuf wuf,woef,тяв,ouaf,guau-guau,woof,ouaf,guau-guau,ワン,왈왈,汪,汪
dog01,GRRUFF,ROOOOOWF,ROOOOOF,BROEEEF,ррр-гав,WROOOOUF,gruf-gruf,ROOOOOWF,WROOOOUF,gruf-gruf,ノン,아니,儂,侬
dog02,rrr-awau,rrr-owch,ossorrr,www-⁠au,ррр-ой-ой,graaaouch,guuuuAY,rrr-owch,graaaouch,guuuuf,らしいよ,그렇대,大概,大概
dog03,kläff,dawg,brrranco,makker,пр-риятяв,clair,guau,dawg,clair,guau,だイヌ,멍멍,狗狗,狗狗
dog04,hechel,yip yip,yip yip,snuf snuf,тяв-тяв,yip yip,yip yip,yip yip,yip yip,yip yip,ネッ,옙,對吧,对吧
dog05,frechi,ruffian,ronfietto,keffer,тяв-ряв,brute,ruf-ruf,ruffian,brute,ruf-ruf,フンッ,흥,屋屋,屋屋
dog06,wafff,wuh,wuff,waf,ау-у,ouh,huesitos,wuh,ouh,guuu-ah,バウ,컹컹,咆,咆
dog07,wauwau,bow-WOW,bau WOW,hazewind,тяв-ого,mon chou,guaay,bow-WOW,mon chou,guaucito,だよね,그렇죠,對不對,对不对
dog08,nuffnuff,arfer,bubabù,kwispel,гав-гав,woufi,fresita,arfer,woufi,can,プリリン,초롱초롱,琳琳,琳琳
dog09,hurra,yippee,yuuuppii,jippie,ур-ра,youp,chupi,yippee,youpi,reguau,ワンツー,달코미,一二,一二
dog10,bingo,bingo,bingo,bingo,динго,mon chaton,huesín,bingo,mon chaton,gufi-guf,グー,쫀득,賓果,宾果
dog11,gnüff,goshers,goleador,gossie,ай-яй-яй,nondinche,pichichi,goshers,nondinche,golgol,ったく,참나,欸,唉
dog14,bellbell,woo woof,arfidenti,woewoef,ау-у-гав,babines,frusky,woo woof,babines,frusky,モグ,우물우물,摘,摘
dog15,tusch,non,snif snif,mais non,ау-уи,miaouf,colmillos,non,miaouf,nenonó,なんじゃ,하옵소서,什麼字,什么字
dog16,winsel,alrighty,bauuau,oké dan,пор-рядок,croquettes,tirirí,alrighty,croquettes,tirirí,ではでは,그럼그럼,那麼那麼,那么那么
dog17,wedel,what what,arf arf,wat jij,что-что,niniche,guauchi,what what,niniche,guauchi,だってネ,그냥저냥,聽說娜,听说娜
dog18,heffheff,baa baa baa,guau guau,schapie,бр-р-разер,pedigree,tufos,baa baa baa,pedigree,grrruau,ワンダー,안보여,汪想想,汪想想
duk00,quako,quacko,quaquo,kwaker,кряко,choupichou,cuaco,quacko,choupichou,cuaco,だね,탕,蛋是啊,蛋是啊
duk01,tschiiirp,bleeeeeck,squack,kèèèk,кряк,beeeuuuurk,uac-uac,bleeeeeck,beeeuuuurk,uac-uac,でヤンス,그래유,鴨鴨,鸭鸭
duk02,quaak,quackle,quackquack,kwakel,кряки-кряк,coin coin,cuaqui,quackle,coin coin,cuaqui,メソメソ,아잉,嗚嗚,呜呜
duk03,entchen,duckling,paperotto,pulletje,желторотик,canardou,perla,duckling,canardou,plumi-piú,ふぅ,우아,嘆,叹
duk04,juhuu,woowoo,quiproquò,joehoe,кря-кря,youhou,miguita,woowoo,youhou,yiuju,マル,우우,毬毬,球球
duk05,krah,rah rah,quoquiquà,hup hup,крякушки,rah rah,sinplumas,rah rah,rah rah,ra-rá,だっピ,다삐,裴裴,裴裴
duk06,quackpss,quackpth,quackplà,kwaks,кряк-фи,coinpff,recuac,quackpth,coinpff,recuac,ヨネ,모모,八十八,八十八
duk07,schnatter,ducky,qua qua,eendje,утенок,poussin,cui-cuá,ducky,poussin,cui-cuá,ぎょぎょ,물물,魚魚,鱼鱼
duk08,krook,derrrr,quaccolo,ergo,кррря,derrrr,cuato,derrrr,derrrr,cuato,ね！ママ,엄마,喂！媽媽,喂！妈妈
duk09,schnabbl,quacko,quaqua,snabbel,кра-а,canard,polluelo,quacko,ben couac,cui-cuac,かもね,어쩌면,或許鴨,或许鸭
duk10,flitzer,zip zoom,zip zoom,broem,брум-брум,zak zak,zapizum,zip zoom,zak zak,zapizum,グワッ,꾸왁,呱呱,呱呱
duk11,quaa,quaa,quaaa,kwaaah,кря-а,plumeau,cuaa-cuaa,quaa,plumeau,cuaa-cuaa,ピヨ,꽥꽥,唧唧,唧唧
duk12,brotbrot,quackulous,quaquao,kwektakel,покрясающе,couac,cua-cuá,quackulous,couac,cua-cuá,なにさ,괜찮아,怎麼回事,怎么回事
duk13,pullilol,bitty,quaraquack,tomaatje,покрякушка,plouf,cuic-cuic,bitty,plouf,cuic-cuic,プチ,찌익,噗吱,噗吱
duk15,nerv,quacker,paperonz,kwebbel,не кряк ли,kwakos,picodoro,quacker,kwakos,picodoro,ぎゃくに,유～후,相反,相反
duk16,krümel,quackidee,coin coin,topper,крякульки,canénette,deverdá,quackidee,canénette,cuáquidi,そうかも,그럴지도,說不定鴨,说不定鸭
duk17,pluster,ridukulous,cua cua,smient,шу-утка,arrêêêête,verdoncho,ridukulous,arrêêêête,cuacoac,マジかよ,리얼리,說真的,说真的
elp00,tröööt,snoot,snoob,snoet,хобот,gropif,flip-flop,snoot,gropif,flip-flop,ヨン,땡,勇,勇
elp01,taraaaa,woo-oo,ullà,trompet,тру-ру,woutchou,naricita,woo-oo,woutchou,wuuulá,だゾウ,휴휴,象象,象象
elp02,truuu,villain,furfante,boef,хитрюга,vipère,mutante,villain,vipère,duuud,うりゃー,으랏차,哈啊,哈啊
elp03,tuutuuuu,tooooot,nappole,pwèèèèèp,тру-тут,tooouut,orejillas,tooooot,tooouut,fruuuf,ルン,훨훨,魯魯,鲁鲁
elp04,trampl,tootie,tootie,pwèèpie,тру-у-ти,toutie,flaqui,tootie,toutie,fiuf-fiuf,シャララ,샬랄라,莎啦啦,莎啦啦
elp05,pruuust,pal,pistaaaa,gabber,друг,fanfan,amigante,pal,fanfan,pruuuf,パオ,파오,保羅,保罗
elp06,TUUUUT,WHONK,SBONK,PWAAP,потрубим,splaf,ankagua,WHONK,splaf,ankagua,でゴンス,히힛,嘻嘻,嘻嘻
elp07,polter,li'l one,caromé,dreumes,кроха,sacrelotte,trompi,li'l one,sacrelotte,fi-fiú,ララン,트랄라,啦啷,啦啷
elp09,puuuuuh,fuzzers,barrir,pluisie,бивень,mammouth,purupú,fuzzers,mammouth,purupú,もじゃ,뿌뿌,毛毛,毛毛
elp10,huiuiui,teacup,parbleu,kopje thee,чайку-у,énoooorme,snuuuf,teacup,énoooorme,snuuuf,ホッ,따끈따끈,呼,呼
elp11,zimtroll,flap flap,ruuu ruuu,kaneel,машу ушами,pachipach,vuelalto,flap flap,pachipach,vuelalto,ロルロル,롤롤,大耳,大耳
elp12,hau,rockin',rocking,mieters,рок-н-ролл,bastringue,rocanrol,rockin',barda,rocanrol,ウス,피스,搖滾,摇滚
flg00,kröti,toady,gragragra,padje,ква,watich',mosquita,toady,zzrrbbitt,riiibit,でちゅ,그래요,雨雨,雨雨
flg01,quarrrk,zzrrbbitt,cracrà,kwwwrrrk,квак-дзынь,croac,crobit,zzrrbbitt,croac,crobit,だロボ,오버,機器,机器
flg02,quäääk,fribbit,fribbit,fffwaak,квак,breup,anquitas,fribbit,breup,fribit,クルリ,객울,咕嚕,咕噜
flg03,quak-quak,ten-hut,attacroak,geef acht,шагом-квак,taïaut,recluta,ten-hut,kaki,croooa,わい,와이,喂,喂
flg04,quak,dribbit,girin,gozer,бро,braaaa,colega,dribbit,braaaa,dribit,ゲロゲロ,개굴개굴,嘓嘓,聒聒
flg05,grupap,grr-ribbit,cracragnam,brulkikker,ква-ква,croa-croa,grroac,grr-ribbit,croa-croa,grroac,だぎゃ,므흣,山山,山山
flg06,platschi,splish,splash,plons,плюх,splufff,esplís,splish,splufff,esplís,っちゃ,그랬쪄,石頭,石头
flg07,nidip,nee-deep,fri fri,rikkekik,буль-буль,brooap,croc-croc,nee-deep,brooap,croc-croc,にゃむ,딩동댕,嚼嚼,嚼嚼
flg09,schlürpf,sluuuurp,sluuuurp,sluuuurp,жабррр,nénuf,zump,sluuuurp,nénuf,zump,だよん,흐압,蝌蚪,蝌蚪
flg10,"oui, oui",oui oui,et voilà,oui oui,уи-уи,bidule,oui oui,oui oui,bidule,oui oui,のことよ,라이라이,不客氣,不客气
flg11,hops,hopper,hophop,hophop,скок,nouille,grillito,hopper,nouille,ajop,とかー,싸우자,喝喝,喝喝
flg12,gurp,burrup,berp,blurp,квак-квак,boiiiiing,buuurp,burrup,boiiiiing,buuurp,ですだ,이리오슈,是的,是的
flg13,quaacki,croak-kay,crok-ok,inderkwaak,кво-кей,quoi,croac,croak-kay,quoi,croac,ですわよ,쪼오옥,是蛙,是蛙
flg15,tatü,aaach—,rrruuuak,kraah,ах-ох,kroah,croaqui,aaach—,kroah,croaqui,へくしっ,콜록,哈啾,哈啾
flg16,quaki,ribbette,gurghigù,kwaakette,квакет,crôazou,trebolito,ribbette,crôazou,croá-croá,ベイビィ,베이비,寶貝,宝贝
flg17,schleck,as if,umpf,ja dááág,вроде того,crapoupou,yastá,as if,ouaoua,yastá,しからば,툴툴,子曰,子曰
flg18,platsch,ya know,crabum,jeweetwel,знаешь,cuicuisse,crocró,ya know,cuicuisse,crocró,ハーン,흐응,蛤,蛤
flg19,quappi,snoozit,croac,snurkwaak,ква-храп,pustule,cruacruá,snoozit,kôwa,cruacruá,むにゃ,음냐음냐,滴咕,滴咕
goa00,määääh,la baa,beeello,la mèè,ле ме-е-е,la baa,beee-beee,la baa,la baa,beee-beee,っぺ,맞아유,唄,呗
goa01,mekker,kid,bimbi,geitje,козленок,fromage,peque,kid,fromage,bibi-bee,っしょ,그랬슈,書,书
goa02,o-o-ja-a-a,dagnaabit,sorbeeelli,nôh,такие-сякие,eh bââlèze,fenómeno,dagnaabit,bêê quoi,beerree,よのう,알아줘,唷喏,唷喏
goa04,mähmääh,bleh eh eh,bleh eh,mekker,ме-хе-хе,hé bêêê,zampoña,bleh eh eh,hé bêêê,meeeh,イェーイ,예이예,耶,耶
goa06,mecker,blih,blip,meh,ме-е-е,tu vois,veráaas-tú,blih,tu vois,verááás-tú,ザーマス,똑바로해,起立,起立
goa07,mehehe,wut,balido,watte,так,mouhai,ein,wut,mouhai,ein,はぁ～,웁스,啊,啊
goa08,heckmeck,kidders,embeeeh,bokkig,козлятки,mon moulin,muy bieeen,kidders,mon moulin,ne-eh,かな,그러게,或許芭,或许芭
goa09,schlummer,bawwww,beeewn,oefff,мемеша,bââââille,bostezzz,bawwww,bââââille,bostezzz,ふわぁ,흐아앙,輕飄,轻飘
gor00,hoheit,highness,dado,hoogheid,высочество,brutus,monigote,highness,brutus,ejeeem,ウホウホ,우갸우갸,拍胸脯,拍胸脯
gor01,zwerg,li'l bitty baby,baaanane,dwerg,мелкота,gadget,cani,li'l bitty baby,gadget,cani,ガオ,겉멋,高高,高高
gor02,ugh,baboom,baboom,bavi-AAN,бабум,ma noix,angaua,baboom,ma noix,angaua,ウルトラ,야임마,超級,这家伙
gor04,ugh-ugh,hoo hoo ha,bum bum,oe-oe-ah,ух-ух-ах,tonneau,gorilérico,hoo hoo ha,tonneau,gorilérico,コング,하압,鋼鋼,钢钢
gor05,äffäff,uh-oh,bam bam,oh-oh,ух-ох,pelage,unga,uh-oh,pelage,unga,おうおう,오우오우,喔喔,喔喔
gor07,auauauu,sweetie,tump tump,lieverd,сластена,gong,canapé,sweetie,gong,uh-uh,アイヤ,에그머닛,唉呀,唉呀
gor08,uga-uga,ayyyeee,bananao,aiaiai,ух-ух-ух,ouba-oub,chocolate,ayyyeee,ouba-oub,juju-já,ウヒョッ,부락,嗚呼,呜呼
gor09,brahaha,vroom,uhatà,vroem,на взлет,patouche,uga-uga,vroom,patouche,uga-uga,そりゃっ,끼얍,煞啊,煞啊
gor10,kongkong,groovy,entonces,groovy,респект,tût tût,cungagún,groovy,tût tût,cungagún,いえてる,알만하다,同意,同意
gor11,kittykong,hello,arrruuu,hello,алло,rorille,kittybún,hello,rorille,kittybún,ハロー,헬로,哈囉,哈罗
ham00,twirps,hammie,puff pant,hammie,хомячок,chicots,chucufá,hammie,chicots,chucufá,ハム,햄햄,火腿,火腿
ham01,fiep,cheekers,triplo uau,wangetjes,щечки,bibille,do-re-mi,cheekers,bibille,do-re-mi,キュルン,큐룽,轉轉,转转
ham02,hähäm,indeed,paella,inderdaad,резонно,au pif,ñisqui,indeed,au pif,ñisqui,ですぞ,그렇다고,就是這樣,就是这样
ham03,mjamjam,le ham,flop,le ham,ле хом,caries,adoya,le ham,yes sir,adoya,ヒュー,휴우,咻咻,咻咻
ham04,hümpf,tarnation,vriiin,korenwolf,о-хо-хо,gnognotte,moflete,tarnation,ciel,ñiqui-ñú,だってば,파샤샤,相信我,相信我
ham05,backi,thump,popomf,boink,стук-стук,pindépice,tucu-tucu,thump,pindépice,tucu-tucu,どきどき,둥게둥게,忐忑不安,忐忑不安
ham06,millimilli,powderpuff,fondue,donsbal,пушистик,abajoujou,nomnom,powderpuff,abajoujou,nomnom,なのです,뽀드득,對啊,对啊
ham07,squiep,snort,spatapumf,snuifsnuif,фырк,balivernes,andaquenó,snort,gna gna,noquenó,カーッ,카악,怒,怒
ham09,sososo,gabeesh,vossia,dusseh,короче,capiche,pariente,gabeesh,capiche,capiche,じゃけえ,알겠냐,所以囉,所以喽
hip00,pfffft,hippie,ipper,hippo,гиппи,babi,batracio,hippie,babi,hiponó,だぎゃー,그러마,覺得是啦,觉得是啦
hip02,blupper,hipster,hiippy,hipster,хипстер,hip hop là,hippie,hipster,hip hop là,glop-glop,でガンス,히포포,是是,是是
hip03,blubber,bloop,blup,blubber,бултых,rololol,glub-glub,bloop,gloups,glub-glub,そうです,맞습니다,沒錯,没错
hip04,skwiirt,squirt,squirt,spetter,малек,hips hips,hipo-pipo,squirt,hips hips,hipo-pipo,じゃけん,오도독,因為,因为
hip05,mei o mei,my dear,bibù,liefje,дорогуша,joli cœur,corassón,my dear,joli cœur,hipopop,だピー,쩝쩝,嗶嗶,哔哔
hip08,höhöhö,beach bum,uhuhuh,strandgast,лежебока,mille,algas,beach bum,mille,ho-hop,でっせ,냉큼오슈,世世,世世
hip09,hipphipp,natch,vale,tuurlijk,естессно,tam-tam,chofchof,natch,tam-tam,chofchof,イェス,예스,Yes,Yes
hrs00,wiehie,pardner,cowboy,draver,партнер,taty,zanahoria,pardner,howdy,jopop,なんちて,농담,搞笑,搞笑
hrs01,gimazuka,sugar cube,zolletta,klontje,сахарок,susucre,terroncito,sugar cube,susucre,clic-cloc,いくわよ,달리자,走囉,走哦
hrs02,wichichi,y'all,hip hip,pony,и все,wimbowé,azucarillo,y'all,wimbowé,azuquita,ってば,맞아요,說到,说到
hrs03,anfänger,tenderfoot,pinopino,jonkie,жеребенок,mouuuuiii,pezuñitas,tenderfoot,mouuuuiii,hop-uah,だヒヒン,히히힝,酥酥,酥酥
hrs04,galoppp,nay,nay,nihihiet,не-е-ет,shérif,bípedo,nay,shérif,ñiii,ブルル,부르르,布魯魯,布鲁鲁
hrs05,heu-ja,hay-OK,biadina,knol,тык-дык,youp là,okeimakei,hay-OK,youp là,okeimakei,みゃあ,당근당근,嘶嘶,嘶嘶
hrs06,greenhorn,greenhorn,pirulì,ju,новичок,tagada,jo-joy,greenhorn,tagada,jo-joy,じゃない,게슴츠레,不是啦,不是啦
hrs07,plätzchen,sugar,dolcetto,snoepje,рафинад,beauté,bomboncito,sugar,beauté,hop-puá,あそばせ,훗훗,遊遊,游游
hrs08,nachbar,neighbor,oh mamma,hinnik,соседушка,mustang,niiiih,neighbor,mustang,niiiih,だポン,몰라요,蹦,蹦
hrs09,mausezahn,nipper,palio,veulen,кусь-кусь,galapia,criatura,nipper,hippique,nih-nah,サヴァ,봉쥬르,舒服,舒服
hrs10,schauder,clip clawp,clop clop,klipklop,цок-цок,mouh-ouh,troteras,clip clawp,mouh-ouh,clip-clop,ぴろぴろ,다그닥,吹捲捲,吹卷卷
hrs11,hamham,check it,hiii,hortsik,глянь,hue hue,jia,check it,hue hue,jia,ごらんよ,이거봐,請看,请看
hrs12,nichja,haaay,clip clop,hooooi,се-е-ено,en selle,quepassa,haaay,en selle,cli-cló,だっけ,그런가,聽說是,听说是
hrs13,wihihihi,glitter,vamos,glitter,блеск,trottoune,pinchito,glitter,western,trotót,ね、キミ,그대여,喂！你,喂！你
hrs16,tada,ayup yup,hiii-op,uhuh,но-но,crincrin,alehop,ayup yup,crincrin,juááá,スン,쉬익,哼,哼
kal00,grins,tsk tsk,tsé tsé,tss tss,ц-ц,tss tss,pues,tsk tsk,tss tss,tsé tsé,アラ,어맛,啊啦,啊啦
kal01,schnarchhh,guvnor,tesorino,chef,лидер,chef,tú,guvnor,chef,eucaliup,キラリ,반짝,晶亮,晶亮
kal02,zubba,toasty,toasty,toastje,хрустяшка,pêchou,tesoro,toasty,pêchou,pichú,とっても,정말로요,不得了,不得了
kal03,sternchen,sunshine,calipto,zonnetje,солнышко,mon trésor,súper,sunshine,mon trésor,calipto,だコアラ,발그레,無尾熊,无尾熊
kal04,partner,mate,dinamite,partner,напарник,galopin,jorf-jorf,mate,calyptus,jorf-jorf,だがや,버텨,錢錢,钱钱
kal05,altes Haus,ol' bear,ulabadula,ouwe beer,медведище,koa là là,osete,ol' bear,koa là là,koahhh,ククッ,큐큐,顆顆,颗颗
kal07,aloha,aloha,aloha,mahalo,алоха,aloha,aloha,aloha,aloha,aloha,サクッ,바삭,香脆,香脆
kal08,kolala,nuh uh,eurekalì,echnie,ох-хо,zyva,kolalá,nuh uh,zyva,koalalá,え～,어어,咦～,咦
kal09,liptus,chips,ponzipò,chips,ничего,sandwich,trololó,chips,sandwich,tralalá,わ～い,우와,哇～,哇
kal10,yeah,yeah buddy,koahola,yeah,приятель,yapaphoto,ouyeah,yeah buddy,oh yeah,ouyeah,おいおい,야야야,喂喂,喂喂
kgr00,kindchen,child,cucciolo,kind,детка,gamin,mi alma,child,gamin,chiquichí,ッポン,폴짝,補補,补补
kgr01,knirps,wee baby,oplà,ukkepuk,малютка,riquiqui,peso mosca,wee baby,riquiqui,ala-rorro,ッハ,응,嘿,嘿
kgr02,beutel,little one,gnegné,kleine,дитятко,poupon,bebé,little one,mon pit,arrorró,だフン,오롤로,親親,亲亲
kgr05,schmusi,my pet,fagotto,troetel,лапочка,mon étoile,mascotita,my pet,mon étoile,brillabrí,だパンク,뭘봐,龐克,庞克
kgr06,flottflott,boing,saltolà,boing,прыг,d'la balle,púgil,boing,d'la balle,do-doing,よねー,이자슥,對耶,对耶
kgr08,boingboing,pockets,boing,zakkies,карманчик,popoche,boing,pockets,popoche,boing,じゃのう,어험,別裝了,别装了
kgr09,bonk,punches,balz balz,boks,хук,savate,chimpón,punches,savate,chimpón,やるぜ,아자,做就對了,做就对了
kgr10,hüpf,pouches,me oui,buidels,кармашек,wallaby,nainoná,pouches,wallaby,nainoná,いいのよ,조아요,好唷,好唷
lon00,kumpel,shredded,ruggi,maaaan,че-е-ел,m'pote,sabes,shredded,mon man,grrrau,メ～ン,요～맨,男人,男人
lon01,grolll,unh-hunh,unh-hunh,aloha,буги-вуги,bébé,groar,unh-hunh,bébé,groar,ダロガ,안그냐,聽懂吧,听懂吧
lon02,coolcat,cool cat,grrringo,coole kat,спокойно,lionceau,melenas,cool cat,lionceau,grrreh,だオン,티라이온,獅獅,狮狮
lon04,löwieh,lion cub,sonré,jong,левушка,minus,fiera,lion cub,minus,gro-grau,よな,졸지마,上課了,上课了
lon06,gröhl,cagey,groarrivo,rrrrrauw,зоосад,grif-grif,sapristi,cagey,grif-grif,sapristi,ハハハ,하하하,哈哈哈,哈哈哈
lon07,graaah,capital,roar,koninklijk,капитально,criniou,ticotaco,capital,excellent,ticotaco,ナハッ,크릉,哪哈,哪哈
lon08,grrroooh,precisely,ahora,exact,честь имею,papatte,picoplás,precisely,papatte,picoplás,まさしく,옳거니,正確,正确
mnk01,spitzi,po po,po po,banaan,пу-пу,po po,monada,po po,po po,ukiú,ウキャ,끼끼,唔唔,唔唔
mnk02,bannabanna,zzzook,zzzook,zzzoeh oeh,дружок,zzziik,chimpa,zzzook,zzziik,chimpa,でござる,하옵니다,猿猿,猿猿
mnk03,agaga,chimpy,scimmietta,chimpie,шимпатяга,booof,uki-uki,chimpy,booof,uki-uki,ワオ,와우,哇嗚,哇呜
mnk04,abbo,g'tang,g'tang,orang,ух-эх,l'outang,uuuuh-ah,g'tang,l'outang,uuuuh-ah,バナーナ,바나나,香蕉,香蕉
mnk05,strebstreb,puh-lease,per favore,kom op zeg,само собой,steup,ricura,puh-lease,steup,uh-lalá,だモン,몽몽,孟孟,孟孟
mnk06,kikiki,rerack,clap clap,oe-⁠a-⁠a,у-у-у,oh hisse,afuá,rerack,oh hisse,afuá,どっこい,빠샤,差不多,差不多
mnk07,makimaki,cheeky,babbuh,brutaaltje,щекасто,tavu,tunante,cheeky,tavu,babuí,ウキキ,우끼네,嗚吱吱,呜吱吱
mnk08,miekmiek,monch,panzé,smak,чавк-чавк,liaaaane,millón,monch,liaaaane,ñim-ñim,だぜ,흠냐리,去吧,去吧
mnk09,wuwu,wuwu,wuwu,woewoe,ву-ву,houhou,wuwu,wuwu,houhou,wuwu,ハオハオ,긁적,好好,好好
mus00,quieek,squeaky,squiksquik,pieperig,пип-пип,tatouille,cuiqui,squeaky,coui-coui,cuiqui,だべ,찍찍,美吧,美吧
mus01,pfiffikus,squinky,squick,piepsels,фью-фью,scriiich,caramba,squinky,scriiich,scroch,てやんで,긍가벼,非也,非也
mus02,visavisa,eeks,eeks,ieps,пип,hiiiii,petisú,eeks,hiiiii,petisú,ギャハッ,캬학,嘎哈,嘎哈
mus03,kicher,cheeseball,formaggino,kaaskoekje,сы-ы-ыр,boulette,orejas,cheeseball,boulette,quesuá,なーんて,글치머,說說的,说说的
mus04,pieeeps,pipsqueak,pisquak,piepklein,ревушка,scouic,flojeras,pipsqueak,scouic,escuác,チュー,쪽,吱,吱
mus05,boa-ey,ace,flapflap,toppie,мастерски,tip top,quesito,ace,tip top,chopchop,すっげぇ,무진장,厲害,厉害
mus08,schatzi,sweetie,squitto,zoetje,сладость,claquos,yogurín,sweetie,claquos,escuic,ですワ,달짝지근,滑滑,滑滑
mus09,fieps,squee,squiii,piephoi,пи-и-и,nouik,ñiiiik,squee,nouik,ñiiiik,がってん,힐끔힐끔,躡躡,蹑蹑
mus10,piepser,cannoli,cippoli,cannoli,канноли,dis donc,cloricló,cannoli,dis donc,cloricló,ルンルン,룰룰,開心,开心
mus12,knabba,eat it,squikko,smakelijk,ням-ням,flim-flam,dientes,eat it,flim-flam,flinflán,ピコ,앗차,微微,微微
mus14,käääse,shorty,quink,kleintje,коротышка,bééléé,atiza,shorty,bééléé,atiza,にゃろ,짜샤,可惡,可恶
mus15,achja,eekers,zink zink,piepers,пи-пи-пи,skouik-ik,piruleta,eekers,skouik-ik,escui-cui,ですよね,내말이요,就說吧,就说吧
mus16,nagnag,yelp,rattaplan,piepzak,писк,téma,bocadito,yelp,okka,ñiñi-ñiá,おほほ,오호호,呵呵呵,呵呵呵
mus17,bling,oh bow,cheeese,strikje,бантик,grugru,migas,oh bow,grugru,brillilí,でちゅの,그러찍,啾啾,啾啾
mus18,hoho,fromage,iiik,cheese,сырок,frometon,fundifún,fromage,cheese,fundifún,まあね,꼬리꼬리,也是啦,也是啦
mus19,tjöm,mmmhmm,accadueo,hmmhmm,м-м-м,eurêk,eureka,mmmhmm,eurêk,eureka,ふむふむ,흐으음,嗯啊,嗯啊
ocp00,schling,sucker,perdindi,zuignap,все пропало,chenapan,chupatinta,sucker,chenapan,glop-glop,タコ,쭉쭉,章魚,章鱼
ocp01,blubblub,blurp,blurp,blorp,хлюп,beurp,dospatas,blurp,beurp,bliup,きゃ,캬캬,咔,咔
ocp02,saug,bloop,blub,bloep,буль,sploush,churubú,bloop,sploush,churubú,せやねん,약히,認同,认同
ocp04,klink-klonk,donk donk,clinkclank,tink-tonk,динь-дон,bip bip,clonc,donk donk,bip bip,clonc,チュドン,발사,發動,发动
ost00,hühnchen,chicken,polpetta,kippie,цыпленок,poupoule,gallina,chicken,poupoule,plumifá,やっぱし,역시,果然,果然
ost01,ajajajjj,stretch,stretch,en strek,растяжка,codêt,plumillas,stretch,codêt,plumiplú,ですの,그렇지라,千歲,千岁
ost02,flottilda,speedy,vruum,raprap,быстро,euh quoi,fiuuun,speedy,euh quoi,fiuuun,だチョー,그렇다조,鴕鳥,鸵鸟
ost03,affenzahn,zort,niiun,klik-kluk,дзынь,pik pik,chiuuun,zort,pik pik,chiuuun,だメカ,치지직,機械,机械
ost04,küken,li'l chick,pasticcino,samba,цып-цып,bon bref,sambasamba,li'l chick,bon bref,sambasamba,リン,네이루,鈴鈴,铃铃
ost05,püh,dahling,blaaah,schatje,дарлинг,trutruche,churri,dahling,trutruche,churri,やだわね,어머몰라,吼唷,吼唷
ost06,happahappa,sweatband,boa,zweetband,не потей,omelette,gruqui,sweatband,omelette,gruqui,およよ,오요용,哎呀呀,哎呀呀
ost07,zwoing,hurk,tambien,struis,хех,bécot,jurk,hurk,bécot,jurk,ホロロ,호롤로,轟隆隆,轰隆隆
ost08,flaum,quite so,bien sur,juist ja,вот так,viiiite,goticas,quite so,viiiite,igh-igh,ですのね,그랬구나,是嘛,是嘛
ost09,flappflapp,pinky,sivuplé,roze,розочка,guiboles,croqui,pinky,rosi rosa,croqui,だミン,밍고밍고,紅鶴,红鹤
ost10,pieks,sparky,behmù,vonkje,искорка,chanmé,equilicuá,sparky,chanmé,equilicuá,アツイわ,아뜨뜨,好熱,好热
pbr00,ahhh,pah,pah,poeh,пф-ф,trraaaa,rapaz,pah,trraaaa,rapahhh,だワイ,다꿇어,唔咿,唔咿
pbr01,adlerauge,cuz,mini mini,broeder,вот,croooa,chinchilla,cuz,croooa,cro-ah,カラカラ,엄멈머,卡拉卡拉,卡拉卡拉
pbr02,schwinge,hawkeye,pronti via,arendsoog,глаз-алмаз,œil agile,aguililla,hawkeye,tout vu,aguilííí,バサバサ,퍼덕퍼덕,啪沙啪沙,啪沙啪沙
pbr03,käpten,captain,capo,kaptein,капитан,flap flap,cadete,captain,flap flap,capííí,ッキーッ,짜란～,繼繼,继继
pbr05,flapp,skree-haw,gawk,kra-hoe,курлы,phélès,grrraak,skree-haw,grrraak,grrraak,アリョイ,내놔,溜溜,溜溜
pbr06,kriiieck,crushy,rapaciao,pletter,красава,maaaarre,vulanico,crushy,maaaarre,vulanico,ダンケ,크헐,多謝,多谢
pbr07,krahkrah,skraaaaw,chicchirò,havik,клекот,kaputt,mancuernas,skraaaaw,kaputt,escróóó,やあッ,호옷,呀啊,呀啊
pbr08,kiiiiiih,wingo,baila,vleugels,крыло,royaaaal,flopflop,wingo,royaaaal,flopflop,でーッス,수리수리,是,是
pbr09,kraaack,feathers,ah bon,pluimpje,перышко,bebec,plumis,feathers,bebec,plumí,そうね,그래맞아,是呢,是呢
pbr10,hirro,proper,forzasù,grondig,аккуратно,nickel,nobi,proper,nickel,picuá,しっかり,확실히,好好做,好好做
pgn00,b-bestens,b-b-baby,b-b-baby,b-b-baby,к-к-крошка,b-b-bébé,pescadito,b-b-baby,b-b-bébé,pescadí,だジョー,랄라,若,若
pgn01,k-k-kumpel,b-b-buddy,br-br-brr,m-m-maatje,д-дружище,pépépère,titirito,b-b-buddy,pépépère,titirito,だペン,팽팽,企鵝,企鹅
pgn02,d-d-dude,brainfreeze,brivido,k-k-kerel,ч-чубрик,cococopain,waap,brainfreeze,cococopain,waap,ペンペン,땡땡,十字,十字
pgn03,slaschi,slushie,sguish,ĳsje,ледок,manette,esploch,slushie,manette,esploch,ちぅねん,아따,禪,禅
pgn04,grrmpf,brrrmph,brrrumf,brrrhmpf,брр-хм,bourfff,heladito,brrrmph,bourfff,urfff,ツルルン,으쓱,滑溜溜,滑溜溜
pgn05,sssweetie,h-h-h-hon,a-a-amor,d-d-duifje,м-милашка,h-h-h-hon,crustáceo,h-h-h-hon,h-h-h-hon,ki-ki-kiú,ウフフ,우훗훗,唔呼呼,唔呼呼
pgn06,brrrrrrrrr,brrrrrrrrr,brrrrrrrrr,brrrrrrrrr,брр,brrrrrrrrr,sardinilla,brrrrrrrrr,brrrrrrrrr,brrr-uah,さぶー,엣취,候補,候补
pgn07,mömömö,blargh,uffifu,zucht,бу-бу-бу,maiheu,refunfú,blargh,maiheu,refunfú,ブツブツ,중얼중얼,嘟噥,嘟哝
pgn09,wackel,so it goes,uhiii uuuh,zo is 't,вот так вот,blanbec,personaje,so it goes,blanbec,espoink,だからね,뒤집어,所以啦,所以啦
pgn10,menschlein,human,glacius,mens,человек,boudiou,humanoide,human,humanoïde,glaciux,ツーツツ,에헴헴,軋軋,轧轧
pgn11,plitsch,waddler,tubi tubi,waggelaar,ластошлеп,zozio,chirpi,waddler,zozio,chirpi,クルクル,펭글펭글,捲捲,卷卷
pgn12,watschl,picante,frio,picante,огонек,gla gla,siclaro,picante,gla gla,siclaro,ベイベッ,베이베,寶寶,宝宝
pgn13,flatsch,cha,iglù,duh,чхи,golri,fresqui,cha,frigogo,fresqui,じゃんよ,맞잖아,這樣唷,这样唷
pgn14,bibib,frappe,unz unz,frappé,пенка,mon glaçon,esmoquin,frappe,mon glaçon,frapé,ヒヤリ,꽁꽁,涼爽,凉爽
pig00,oinkoink,nyoink,niooink,hupsaknor,хряк-бряк,coink,ñoink,nyoink,coink,ñoink,どもども,꿀꿀,感謝,感谢
pig01,schnauzie,snoutie,ficcanaso,snuiter,хрюша,jambon,oink-oink,snoutie,jambon,oink-oink,だわさ,거라예,哇賽,哇赛
pig02,gronk,swine,snoooink,big,хряк,porcelet,porcino,swine,porcelet,esnoink,まんねん,꾸엑,萬年,万年
pig03,schniff,snortle,snort,snuif,хрюк-хрюк,cuick,groink,snortle,cuick,groink,とかね,아님말구,懶懶,懒懒
pig04,schnoink,snoooink,snoink,knorrie,хрю-ю-ю,groingroin,cochín,snoooink,groingroin,cochín,よぅ,예예,唷,唷
pig05,grunz,snork,snork,snurk,хрю,diantre,pork,snork,diantre,pork,だブー,꼬르륵,噗,噗
pig08,würstel,hot dog,salsicce,knakker,сосиска,andouille,saperlipop,hot dog,andouille,saperlipop,でアール,이노라,公畝,公亩
pig09,quiek,schnort,sgrunf,oink,хрю-хряк,minot,oink,schnort,minot,oink,ブヒッ,쌀,噗嘻,噗嘻
pig10,kringel,schep,sissì,knor-knor,хрюля,grouik,girasol,schep,grouik,oinki,うん,유후,嗯,嗯
pig11,glotz,shweetie,oink,knorrelief,хрюмпатяга,fleur,trufita,shweetie,fleur,trufits,ぷるる,아앙,彈彈,弹弹
pig13,lächel,snortie,gruffeffè,snufferd,хрюк,tigroin,chanchi,snortie,tigroin,chanchi,ちゃりん,땡그랑,噹啷,当啷
pig14,borsti,zoink,oinc,moddervet,хряк-с,lardon,zoink,zoink,lardon,zoink,だトン,떼끼에로,豚,豚
pig15,quiiiek,weeweewee,boink,ieieieie,уи-и-и,toutébon,bidoink,weeweewee,toutébon,bidoink,ウリウリ,냠냠,比利比利,比利比利
pig16,grubbel,sooey,grufidù,kom kom,хрюшка,sabots,morrito,sooey,sabots,cuinoink,やだも～,어우야,討厭啦,讨厌啦
pig17,schnorrz,snuffle,splosh,snuffelaar,хрю-хрю,sauciflard,dindoink,snuffle,sauciflard,dindoink,ブフフ,꿀꾸루,噗呼呼,噗呼呼
rbt00,tiihii,tee-hee,tiptap,hihi,хи-хи,hé hé hé,oy-oy-oy,tee-hee,hé hé hé,oy-oy-oy,みたいな,그렇지뭐,好像喔,好像喔
rbt01,uiui,wee one,caroté,lamprei,малыш,lapinou,trompis,wee one,lapinou,toini,ラン,룰루랄라,啷,啷
rbt02,hoppsa,doyoing,evviva,bojoing,прыг-скок,touloulou,toin-toin,doyoing,touloulou,toin-toin,はにょ,삐용,土俑,土俑
rbt03,hopplahopp,bunyip,bun bun,ninja,заяссс,mon lapin,boin-boing,bunyip,mon lapin,boin-boing,ニンニン,닌닌,忍忍,忍忍
rbt04,herzblatt,mon chou,cherie,mon amour,мон зайшу,cahuète,mon chou,mon chou,cahuète,mon chou,ムホッ,쿨럭,唔賀,唔贺
rbt05,liebling,honeybun,mielito,honnepon,зайчик мой,mon lièvre,mari,honeybun,mon lièvre,reboing,だっち,꺄오,琪他,琪他
rbt06,hihi,li'l hare,gnaf,haasje,зайчишка,ti’ lièvre,pipita,li'l hare,ti’ lièvre,requeboing,なのサ,울랄라,就這樣啦,就这样啦
rbt07,öhrchen,bunbun,bunbun,knijnelijn,зайчонок,pinpin,pompón,bunbun,pinpin,toin-lalá,ってさ,라던데,我說呀,我说呀
rbt08,goseimas,mochi,mochi,mochi,зайпончик,mochi,mochi,mochi,mochi,mochi,まろ,땡글,臣,臣
rbt09,paffpaff,li'l ears,orecchine,hangoor,ушки,n'oreille,orejitas,li'l ears,n'oreille,orejí,フツーに,보통이지,普通,普通
rbt10,hasi,old bunny,soufflé,ouwe reus,зайчище,morbleu,y tal,old bunny,tout bleu,bingboing,ですね,그렇잖아,是啦,是啦
rbt11,hüpfauf,hopalong,hoppela,hopsala,скок-поскок,sans rire,hópala,hopalong,sans rire,hópala,ぶいぶい,아으셔,酸酸,酸酸
rbt12,hey man,karat,lulalà,wortels,морковка,carotte,kaninchen,karat,carotte,kaninchen,ルララ,쇼봉,嚕啦啦,噜啦啦
rbt13,knuddl,sparkles,lilalà,sprankel,золотце,hop,mimomimo,sparkles,hop,mimomimo,リララ,샤방,哩啦啦,哩啦啦
rbt14,puschel,thumper,siiigh,stamper,топ-топ,pfui,vida extra,thumper,pfui,fiiiiú,ぷぅ,뿌우,風,风
rbt15,amigo,amigo,aquesí,amigo,амиго,pécaïre,tralarí,amigo,amigo,tralarí,アミーゴ,아미고,朋友,朋友
rbt16,langohr,nougat,gnuf gnuf,noga,карамелька,pinou-nou,arcoíris,nougat,nougat,nufinuf,まじで,진짜진짜,真的,真的
rbt17,hüppi,deelish,hurrah,heer-lijk,вкусняшка,nananère,oh lalá,deelish,nananère,oh lalá,ヤバッ,어뜨케,不妙,不妙
rbt18,mümml,coooooool,niglio,gaaast,зайчелло,chaaauuud,muyayo,coooooool,chaaauuud,muyayo,そうさね,나도나도,就是如此,就是如此
rbt19,jahopp,cottontail,baffoplà,staartje,зайцехвост,auch auch,muesli,cottontail,zip zip,hep-hep,だムーン,거봐라,月球,月球
rbt20,kerokero,ribbit,kerokero,kikk'r,зайцеквак,kérocarot,keroppi,ribbit,kérocarot,keroppi,けろけろ,케로케로,蛙蛙,蛙蛙
rbt21,hobbli,hoppity,hoppihop,huppekee,попрыгайка,boing,neutrino,hoppity,boing,jopijop,くりりん,동글,妹妹頭,妹妹头
rhn00,rumpel,kerPOW,zamperù,klaBAM,бабах,kaboum,tapumba,kerPOW,kaboum,tapumba,ですサイ,아뿔소,犀犀,犀犀
rhn01,stampf,bigfoot,piedone,grootvoet,босс,grand pied,jip-jip,bigfoot,grand pied,jip-jip,ンフ,훗,嗯噗,嗯噗
rhn02,punk,punk,pachi,schelm,бродяга,saperlotte,granuja,punk,groumph,papúm,でヤンキ,빠직,混混,混混
rhn04,schneuzel,schnozzle,splush,sneuzel,шнобель,euh,narigón,schnozzle,euh,kaplut,のネン,뿔뿔,念念,念念
rhn05,wumpa,merci,pistil,merci,мерси,pistil,merci,merci,brindille,floriflú,メルシー,세봉,謝謝,谢谢
rhn07,trarapp,shortcake,rien,schuimpje,кексик,ma fraise,fresitas,shortcake,confiture,fruti,でシュガ,베리베리,糖糖,糖糖
rhn08,bomm,yo yo yo,stomp,yo yo yo,йоу,badaboum,purrum,yo yo yo,badaboum,purrum,パネェ,킁킁,超強,超强
shp00,bäääh,baaaffo,beeeby,bèèè,бе-е,pupull,beeeibi,baaaffo,foulââârd,beeeibi,なのね,쩝,就這樣呀,就这样呀
shp01,däääää,daahling,breeezza,schaaaapje,мила-ашка,chêêêri,peeelusa,daahling,chêêêri,peluuusas,アンドゥ,앤쥬,一二三,一二三
shp02,la-a-amm,lambchop,laaagna,krulletje,ребрышко,bêbêêêêh,veeenga,lambchop,bêbêêêêh,yupitiii,メェー,메에에,咩,咩
shp03,badabing,baa-dabing,beeene,mèèèh,бэ-дабинь,mon agneau,no veeeas,baa-dabing,mon agneau,baa-bii,ウール,울,羊毛,羊毛
shp04,bäääby,baaaby,beensì,bè-⁠ste,бэ-эби,bêllissime,peeeque,baaaby,bêllissime,baaa-buá,ありんす,포근포근,愛,爱
shp07,blö-ö-ök,bo peep,babeeebí,wollebol,пасемся,tourni,babeeebí,bo peep,tourni,babeeebí,ですのよ,됐거든,是的唷,是的唷
shp08,zottel,shearly,hermoso,scheerlijk,завитушка,toison,lanitas,shearly,toison,laaaná,ベイビー,자기야,北鼻,北鼻
shp09,wuschel,lambkins,beee-ehi,lammetje,овечка,bê-bê-bê,joyita,lambkins,bê-bê-bê,bee-biis,イシシ,꺄르르,一絲絲,一丝丝
shp10,bwäääh,pine nut,pecoramè,denappel,сосенка,barbiche,yalovéees,pine nut,barbiche,yalovééés,まつわ,달려,等啊,等啊
shp11,knuddel,oh ewe,beee la la,ooi zeg,мутончик,mouêêê,berebé,oh ewe,mouêêê,berebé,だポテ,포테토,薯薯,薯薯
shp12,knuffi,nightshade,lanadà,nachtvacht,травинка,tricoti,lanas,nightshade,tricoti,lanavá,おつかれ,수고,辛苦了,辛苦了
shp13,helau,honk honk,peco peco,alaaf,бе-бе,bamboche,moquimoqui,honk honk,hahaha,moquimoqui,グフフ,므흐흐,丑丑,丑丑
shp14,kikilala,fuzzy,ovinin,kikilala,мягенько,mohair,kikilala,fuzzy,mohair,kikilala,ふわもこ,폭신폭신,毛茸茸,毛茸茸
shp15,jau,indeedaroo,veronò,precies,точно-точно,broutille,diiigo yo,indeedaroo,broutille,digoyó,ふんふん,뿜뿜,哇耶,哇耶
squ00,faulenzer,slacker,sgronch,luilak,лень,noisette,almendrita,slacker,noisette,esñik,なのよ,거얌,就是唷,就是唷
squ01,knack,nutlet,scrick,notendop,крошка,coquille,bayita,nutlet,coquille,ñicuá,ふふん,헤헤헤,哼哼,哼哼
squ02,manno,bucko,gnic gnic,vent,дружище,gogo,guirlache,bucko,gogo,guirlache,でしゅ,예용,是囉,是哦
squ03,spatzl,chipmunk,cipì,eekhoorn,бурундук,fouloulou,piñoncito,chipmunk,fouloulou,piñoní,つんっ,쯧쯧,正經,正经
squ04,knusper,niblet,truciolo,knabbel,орешек,nunuche,bellotita,niblet,grignotte,trocitrí,ガジガジ,송송,咯吱咯吱,咯吱咯吱
squ05,strampl,sidekick,spalla,sidekick,коллега,poto,piñita,sidekick,haï-ya,hai-ááá,せいやっ,흠냐,嘿唷,嘿唷
squ06,hulaaaa,hulaaaa,ehilaaà,hoelaaa,уа-а-а,houlaaaa,ulaaaa,hulaaaa,houlaaaa,ulaaaa,ユー,휴,你,你
squ07,muskat,nutmeg,nocciolina,muskaatje,мускатик,tac,ramita,nutmeg,tac,raminí,ったら,까꿍,要是,要是
squ08,krazz,krzzt,sguscio,bliksems,вж-ж-ж,krzzt,avería,krzzt,krzzt,kreee,ピカッ,콰광,閃閃,闪闪
squ09,knabber,ahhhhhh,squercia,ahhhhhh,ах-ах,ahhhhhh,bichito,ahhhhhh,ahhhhhh,bellotuá,うっふん,우훗,喔哼,喔哼
squ10,knorz,nutcase,nocciola,mafnoot,арахис,dingo,cáscaras,nutcase,dingo,crac-crac,キッ,사각사각,炯炯,炯炯
squ11,huiii,WHEE,SCRUNCH,cashew,ух ты,yeeeees,macadamia,WHEE,cacahuète,ñip-ñip,ララー,랄랄라,啦啦,啦啦
squ13,tjaja,nice nice,munch,jaja,ладно,ptigri,pincel,nice nice,ptigri,bi-buá,やるわね,굿굿,做得好,做得好
squ14,jammi,hubbub,sgranocc,jammie,хрум,grignote,caldito,hubbub,grignote,yupip,ひゅん,퓨우,咻,咻
squ15,nussi,nutty,squittole,nootje,чок-чок,scratchy,albricias,nutty,abajoue,nutinú,デス,도톨도톨,甜甜,甜甜
squ16,hoppi,cardio,flash,topfit,треники,toutouffe,zasca,cardio,pacane,zasca,クリクリ,땡글땡글,鼓栗鼓栗,鼓栗鼓栗
squ17,huschhusch,sulky,ardillà,knorrepot,тихоня,nanache,tecuén,sulky,carpe diem,tecuén,あながち,어차피,不管怎樣,不管怎样
squ18,kekeke,uni-wow,blink,brauw,фундук,tac tac,castaña,uni-wow,tac tac,tac-tac,だもんね,알아알아,當然囉,当然哦
squ21,knibbi,gleam,brillbrill,twinkel,сияние,albedou,destello,gleam,albedou,blinguiblín,キラキラ,빤짝,亮晶晶,亮晶晶
tig00,brüll,grrrolf,grrrolf,grrrolf,гр-р-рольф,grrrufff,grooorf,grrrolf,grrrufff,grooorf,だガー,근데,王,王
tig01,mango,mango,mango,mango,манго,banane,turista,mango,banane,gurruf,まったく,내참,完全,完全
tig02,grrrummel,grrrRAH,grrrRAH,brrrrulll,р-рык,grouaaah,bengala,grrrRAH,grouaaah,raaarruf,だトラ,으르렁,虎虎,虎虎
tig03,schnurf,growf,grouf,grommf,р-р-рф,ma souris,mi vida,growf,ma souris,gri-gruá,なのぉー,쪼옥쪽,是喔,是喔
tig04,krrrrrr,flexin',joggingrrr,flex,р-разминка,rebelote,macoque,flexin',mes abdos,macoque,じゃが,어흥,但是,但是
tig05,kchhh,ooh la la,smack,olala,о-ля-ля,grou grou,mindundi,ooh la la,grou grou,mindundi,アハ～ン,잇힝,啊哈,啊哈
tig06,prrr,glimmer,yeppa,witje,хлоп-хлоп,croky,guiñito,glimmer,la vie,ruarri,でヒョウ,그래호,雪豹,雪豹
wol00,harrumff,harrumph,arrrgh,huil,фыр-р-рф,mmmph,ejem,harrumph,mmmph,ejem,やんか,그렇잖여,不是嘛,不是嘛
wol01,auuuuuu,ah-rooooo,etchuuuu,aooooeee,ау-у-у,ah rooooo,auuuh,ah-rooooo,ah rooooo,auuuh,だぜよ,봐봐,不然呢,不然呢
wol02,knurrr,snarrrl,zanna,snauw,ау-рр,snurffff,grauuuh,snarrrl,snurffff,grauuuh,のな,거봐,羅羅,罗罗
wol03,jaulll,snappy,snappy,hap,цап,sbam,auf-auf,snappy,bing bang,auf-auf,ステキね,멋져,漂亮,漂亮
wol04,heuuul,ohmmm,gnams,eh,ом-м-м,peuchère,ooomm,ohmmm,loudonc,ooomm,ゴホゴホ,음음,咳呵,咳呵
wol05,ähmmm,uff da,uuuff,fjord,хрусть,mon loulou,auuuff,uff da,mon loulou,auuuff,なのだわ,유행이야,就是說哇,就是说哇
wol06,braul,cha-chomp,fabuuula,knauw,грызь,sagouin,en-ñac,cha-chomp,sagouin,en-ñac,ですダス,콜록콜록,這倒是,这倒是
wol08,scholli,piffle,arruuu,nonsens,вздор,crocroque,aú-aú,piffle,crocroque,aú-aú,だわよ,그러하다,喔呵呵,喔呵呵
wol09,ahiii,airmail,uuuhlalà,luchtpost,пилот,mumuseau,auuu,airmail,mumuseau,auuu,フワワ,후와와,花花,花花
wol10,ahuuu,alpha,sgnack,alfa,вожак,garooouuu,aujujú,alpha,garooouuu,aujujú,オゥイェ,오우예,喔耶,喔耶
wol12,foxtrott,foxtrot,foxtrot,foxtrot,фокстрот,trottine,maravilla,foxtrot,trottine,ulalilá,アハッ,아하핫,呀哈,呀哈